<?xml version="1.0" encoding="UTF-8" standalone="yes"?>
<addon id="plugin.video.turkvod" name="TURKvod" version="12.0.1" provider-name="berkenkey">   
  <extension point="xbmc.python.pluginsource" library="default.py">
        <provides>video</provides>
  </extension>
  <extension point="xbmc.addon.metadata">
        <platform>all</platform>
        <summary>Support: www.turk-dreamworld.com</summary>
        <description>Support: www.turk-dreamworld.com</description>
        <assets>
            <icon>icon.png</icon>
        </assets>
  </extension>
</addon>