﻿<?xml version="1.0" encoding="UTF-8" standalone="yes"?>
<addon id="plugin.program.bygencer_wizard"
name=" [COLORYellow]ByGencer Bundle Wizard[/COLOR]"
version="1.0.0"
provider-name="Halil ADAMCI">
<requires>
<import addon="xbmc.python" version="2.7.8"/>
</requires>
<extension point="xbmc.python.pluginsource" library="bygnc.py">
<provides>executable</provides>
</extension>

<extension point="xbmc.addon.metadata">
<summary>ByGencer Bundle - ByGencer Telegram Grubu için Hazırlanmıştır</summary>
<description>
1. Grubumuzdaki tüm paylaşımlar ücretsizdir. 
2. Her türlü bilgi ve paylaşım için Telegram grubumuza üye olunuz.
3. Telegram grubu Adresimiz https://t.me/joinchat/IwluMlB_IwN3DwwG3ew31A
4. Youtube Adresimiz https://www.youtube.com/channel/UCqAJIWz6IDrh7jdwFzY-jcQ             
</description>
<platform>all</platform>
</extension>

</addon>
